artifact_type,path
csv,C:\Users\YangSoRa\OneDrive - 트라이얼인포매틱스\문서\New project\rbqm_topicmodeling_analysis_outputs\csv\input_file_inventory.csv
csv,C:\Users\YangSoRa\OneDrive - 트라이얼인포매틱스\문서\New project\rbqm_topicmodeling_analysis_outputs\csv\data_dictionary.csv
csv,C:\Users\YangSoRa\OneDrive - 트라이얼인포매틱스\문서\New project\rbqm_topicmodeling_analysis_outputs\csv\document_counts_by_year_period.csv
csv,C:\Users\YangSoRa\OneDrive - 트라이얼인포매틱스\문서\New project\rbqm_topicmodeling_analysis_outputs\csv\document_counts_by_time_block_period.csv
csv,C:\Users\YangSoRa\OneDrive - 트라이얼인포매틱스\문서\New project\rbqm_topicmodeling_analysis_outputs\csv\node_gap.csv
csv,C:\Users\YangSoRa\OneDrive - 트라이얼인포매틱스\문서\New project\rbqm_topicmodeling_analysis_outputs\csv\edge_gap.csv
csv,C:\Users\YangSoRa\OneDrive - 트라이얼인포매틱스\문서\New project\rbqm_topicmodeling_analysis_outputs\csv\topic_gap.csv
csv,C:\Users\YangSoRa\OneDrive - 트라이얼인포매틱스\문서\New project\rbqm_topicmodeling_analysis_outputs\csv\category_gap.csv
csv,C:\Users\YangSoRa\OneDrive - 트라이얼인포매틱스\문서\New project\rbqm_topicmodeling_analysis_outputs\csv\highlight_nodes_pre_post_gap.csv
csv,C:\Users\YangSoRa\OneDrive - 트라이얼인포매틱스\문서\New project\rbqm_topicmodeling_analysis_outputs\csv\highlight_edges_pre_post_gap.csv
csv,C:\Users\YangSoRa\OneDrive - 트라이얼인포매틱스\문서\New project\rbqm_topicmodeling_analysis_outputs\csv\highlight_topics_pre_post_gap.csv
csv,C:\Users\YangSoRa\OneDrive - 트라이얼인포매틱스\문서\New project\rbqm_topicmodeling_analysis_outputs\csv\node_adjacent_block_changes.csv
csv,C:\Users\YangSoRa\OneDrive - 트라이얼인포매틱스\문서\New project\rbqm_topicmodeling_analysis_outputs\csv\edge_adjacent_block_changes.csv
csv,C:\Users\YangSoRa\OneDrive - 트라이얼인포매틱스\문서\New project\rbqm_topicmodeling_analysis_outputs\csv\topic_adjacent_block_changes.csv
csv,C:\Users\YangSoRa\OneDrive - 트라이얼인포매틱스\문서\New project\rbqm_topicmodeling_analysis_outputs\csv\network_metrics_recomputed.csv
csv,C:\Users\YangSoRa\OneDrive - 트라이얼인포매틱스\문서\New project\rbqm_topicmodeling_analysis_outputs\csv\topic_keyword_long.csv
csv,C:\Users\YangSoRa\OneDrive - 트라이얼인포매틱스\문서\New project\rbqm_topicmodeling_analysis_outputs\csv\topic_node_matrix.csv
csv,C:\Users\YangSoRa\OneDrive - 트라이얼인포매틱스\문서\New project\rbqm_topicmodeling_analysis_outputs\csv\text_mining_term_pre_post_gap.csv
csv,C:\Users\YangSoRa\OneDrive - 트라이얼인포매틱스\문서\New project\rbqm_topicmodeling_analysis_outputs\csv\text_mining_top_terms_by_period.csv
csv,C:\Users\YangSoRa\OneDrive - 트라이얼인포매틱스\문서\New project\rbqm_topicmodeling_analysis_outputs\csv\analysis_run_summary.csv
csv,C:\Users\YangSoRa\OneDrive - 트라이얼인포매틱스\문서\New project\rbqm_topicmodeling_analysis_outputs\csv\artifact_manifest.csv
png,C:\Users\YangSoRa\OneDrive - 트라이얼인포매틱스\문서\New project\rbqm_topicmodeling_analysis_outputs\png\document_counts_by_year.png
png,C:\Users\YangSoRa\OneDrive - 트라이얼인포매틱스\문서\New project\rbqm_topicmodeling_analysis_outputs\png\topic_temporal_heatmap.png
png,C:\Users\YangSoRa\OneDrive - 트라이얼인포매틱스\문서\New project\rbqm_topicmodeling_analysis_outputs\png\topic_pre_post_gap.png
png,C:\Users\YangSoRa\OneDrive - 트라이얼인포매틱스\문서\New project\rbqm_topicmodeling_analysis_outputs\png\node_pre_post_gap_top.png
png,C:\Users\YangSoRa\OneDrive - 트라이얼인포매틱스\문서\New project\rbqm_topicmodeling_analysis_outputs\png\edge_pre_post_gap_top.png
png,C:\Users\YangSoRa\OneDrive - 트라이얼인포매틱스\문서\New project\rbqm_topicmodeling_analysis_outputs\png\node_pre_post_scatter.png
png,C:\Users\YangSoRa\OneDrive - 트라이얼인포매틱스\문서\New project\rbqm_topicmodeling_analysis_outputs\png\category_pre_post_gap.png
png,C:\Users\YangSoRa\OneDrive - 트라이얼인포매틱스\문서\New project\rbqm_topicmodeling_analysis_outputs\png\semantic_network_overall.png
png,C:\Users\YangSoRa\OneDrive - 트라이얼인포매틱스\문서\New project\rbqm_topicmodeling_analysis_outputs\png\new_post_covid_edges_network.png
png,C:\Users\YangSoRa\OneDrive - 트라이얼인포매틱스\문서\New project\rbqm_topicmodeling_analysis_outputs\png\network_top_degree_strength.png
png,C:\Users\YangSoRa\OneDrive - 트라이얼인포매틱스\문서\New project\rbqm_topicmodeling_analysis_outputs\png\term_pre_post_gap.png
png,C:\Users\YangSoRa\OneDrive - 트라이얼인포매틱스\문서\New project\rbqm_topicmodeling_analysis_outputs\png\node_adjacent_block_signals.png
png,C:\Users\YangSoRa\OneDrive - 트라이얼인포매틱스\문서\New project\rbqm_topicmodeling_analysis_outputs\png\topic_adjacent_block_signals.png
zip,C:\Users\YangSoRa\OneDrive - 트라이얼인포매틱스\문서\New project\rbqm_topicmodeling_analysis_outputs\zip\csv_outputs.zip
zip,C:\Users\YangSoRa\OneDrive - 트라이얼인포매틱스\문서\New project\rbqm_topicmodeling_analysis_outputs\zip\png_outputs.zip
